{
  "ball_approach": {
    "label": "ball_loading",
    "observed_tags": [
      0,
      1,
      2
    ],
    "post_distance_m": 0.4911593410961872,
    "reached_target": false,
    "reason": "timeout",
    "start_distance_m": null,
    "tag_id": 1,
    "target_distance_m": 0.45
  },
  "ball_tag_id": 1,
  "bin_approach": null,
  "bin_tag_id": 0,
  "camera_in_robot": {
    "heading_deg": 0.0,
    "x_m": 0.0,
    "x_mm": 0.0,
    "y_m": 0.1,
    "y_mm": 100.0,
    "yaw_rad": 0.0
  },
  "commands_sent": 335,
  "grab": null,
  "last_ack": {
    "ack": 1065,
    "battery_mv": 13254,
    "battery_pct": 24.0,
    "drive_ports_ok": true,
    "estop": false,
    "fault": null,
    "motion_enabled": true,
    "motor_ports": [
      1,
      3,
      8,
      10
    ],
    "recv_ms": 48997,
    "state": "ok",
    "type": "ack",
    "v": 1,
    "watchdog_age_ms": 0
  },
  "last_command": {
    "cmd": "stop",
    "reason": "ball_loading_approach_complete",
    "sent_ms": 510213,
    "seq": 24335,
    "ttl_ms": 200,
    "type": "cmd",
    "v": 1
  },
  "last_scene_map": {
    "anchor_tag_ids": [
      0,
      1,
      2
    ],
    "camera_pose": {
      "heading_deg": 7.512294234079202,
      "x_m": -0.262737407134063,
      "x_mm": -262.737407134063,
      "y_m": 0.6458078427591034,
      "y_mm": 645.8078427591034,
      "yaw_rad": 0.13111426876326768
    },
    "frame_id": "map",
    "objects": [
      {
        "confidence": 0.5935962569091283,
        "name": "yellow_ball",
        "pose": {
          "heading_deg": 8.656497362459724,
          "x_m": 0.2859832681148447,
          "x_mm": 285.9832681148447,
          "y_m": 0.7293475751640394,
          "y_mm": 729.3475751640393,
          "yaw_rad": 0.15108438066512717
        },
        "source": "yellow_ball_color"
      }
    ],
    "observed_tag_ids": [
      1
    ],
    "robot_pose": {
      "heading_deg": 7.512294234079202,
      "x_m": -0.262737407134063,
      "x_mm": -262.737407134063,
      "y_m": 0.6458078427591034,
      "y_mm": 645.8078427591034,
      "yaw_rad": 0.13111426876326768
    },
    "stamp_s": 510.490320428,
    "tags": {
      "1": {
        "heading_deg": 0.0,
        "x_m": 0.19999999999999998,
        "x_mm": 199.99999999999997,
        "y_m": 0.75,
        "y_mm": 750.0,
        "yaw_rad": 0.0
      }
    }
  },
  "last_telemetry": {
    "battery_current_ma": -33,
    "battery_mv": 13254,
    "battery_pct": 24.0,
    "battery_temp_c": 29.0,
    "drive_ports_ok": true,
    "estop": false,
    "left_pos_deg": -8794.0,
    "left_vel_rpm": 5.8,
    "motion_enabled": true,
    "motion_ttl_overrun_ms": 0,
    "motor_ports": [
      1,
      3,
      8,
      10
    ],
    "motor_samples": [
      {
        "device": "left_drive",
        "sample_ms": 49009,
        "subsystem": "drivetrain",
        "values": {
          "current_amp": 0.0,
          "efficiency_pct": 0.0,
          "position_deg": -8794.0,
          "power_w": 0.0,
          "temperature_c": 35.0,
          "torque_nm": 0.0,
          "velocity_rpm": 5.8
        }
      },
      {
        "device": "right_drive",
        "sample_ms": 49009,
        "subsystem": "drivetrain",
        "values": {
          "current_amp": 0.0,
          "efficiency_pct": 0.0,
          "position_deg": -777.0,
          "power_w": 0.0,
          "temperature_c": 35.0,
          "torque_nm": 0.0,
          "velocity_rpm": 3.5
        }
      }
    ],
    "right_pos_deg": -777.0,
    "right_vel_rpm": 3.5,
    "t_ms": 49009,
    "type": "telemetry",
    "v": 1,
    "watchdog_age_ms": 12
  },
  "lift": null,
  "observed_tags": [
    0,
    1,
    2
  ],
  "observed_tags_after_orientation": [
    0,
    1,
    2
  ],
  "program": "deliver_ball",
  "reason": "ball_tag_approach_failed",
  "release": null,
  "status": "failed"
}
