{
  "ball_approach": {
    "label": "ball_loading",
    "observed_tags": [
      0,
      1,
      2
    ],
    "post_distance_m": 0.49605491389766665,
    "reached_target": true,
    "reason": "target_distance_reached",
    "start_distance_m": 1.072128081870886,
    "tag_id": 1,
    "target_distance_m": 0.5
  },
  "ball_tag_id": 1,
  "bin_approach": {
    "label": "bin",
    "observed_tags": [
      0,
      1,
      2
    ],
    "post_distance_m": 2.2244643627112715,
    "reached_target": false,
    "reason": "timeout",
    "start_distance_m": null,
    "tag_id": 0,
    "target_distance_m": 0.38
  },
  "bin_tag_id": 0,
  "commands_sent": 383,
  "last_ack": {
    "ack": 1476,
    "battery_mv": 12996,
    "battery_pct": 54.0,
    "drive_ports_ok": true,
    "estop": false,
    "fault": null,
    "motion_enabled": true,
    "motor_ports": [
      1,
      3,
      8,
      10
    ],
    "recv_ms": 303486,
    "state": "ok",
    "type": "ack",
    "v": 1,
    "watchdog_age_ms": 0
  },
  "last_command": {
    "cmd": "stop",
    "reason": "bin_approach_complete",
    "sent_ms": 22468598,
    "seq": 24383,
    "ttl_ms": 200,
    "type": "cmd",
    "v": 1
  },
  "last_scene_map": {
    "anchor_tag_ids": [
      0,
      1,
      2
    ],
    "camera_pose": {
      "heading_deg": -175.9885982632093,
      "x_m": 3.9981763133176837,
      "x_mm": 3998.1763133176837,
      "y_m": 1.0910331108271865,
      "y_mm": 1091.0331108271864,
      "yaw_rad": -3.0715804856625764
    },
    "frame_id": "map",
    "objects": [
      {
        "confidence": 0.4901170801023256,
        "name": "yellow_ball",
        "pose": {
          "heading_deg": -166.36699969282895,
          "x_m": 2.8898333231570223,
          "x_mm": 2889.8333231570223,
          "y_m": 0.8222208998852294,
          "y_mm": 822.2208998852294,
          "yaw_rad": -2.90365191130426
        },
        "source": "yellow_ball_color"
      }
    ],
    "observed_tag_ids": [
      0
    ],
    "robot_pose": {
      "heading_deg": -175.9885982632093,
      "x_m": 3.9981763133176837,
      "x_mm": 3998.1763133176837,
      "y_m": 1.0910331108271865,
      "y_mm": 1091.0331108271864,
      "yaw_rad": -3.0715804856625764
    },
    "stamp_s": 22468.879238135,
    "tags": {
      "0": {
        "heading_deg": 180.0,
        "x_m": 1.7999999999999998,
        "x_mm": 1799.9999999999998,
        "y_m": 0.7500000000000004,
        "y_mm": 750.0000000000005,
        "yaw_rad": 3.141592653589793
      }
    }
  },
  "last_telemetry": {
    "battery_current_ma": 658,
    "battery_mv": 12997,
    "battery_pct": 54.0,
    "battery_temp_c": 24.0,
    "drive_ports_ok": true,
    "estop": false,
    "left_pos_deg": -23511.0,
    "left_vel_rpm": -28.4,
    "motion_enabled": true,
    "motion_ttl_overrun_ms": 0,
    "motor_ports": [
      1,
      3,
      8,
      10
    ],
    "motor_samples": [
      {
        "device": "left_drive",
        "sample_ms": 303009,
        "subsystem": "drivetrain",
        "values": {
          "current_amp": 0.582,
          "efficiency_pct": 51.1,
          "position_deg": -23511.0,
          "power_w": 0.721,
          "temperature_c": 40.0,
          "torque_nm": 0.243,
          "velocity_rpm": -28.4
        }
      },
      {
        "device": "right_drive",
        "sample_ms": 303009,
        "subsystem": "drivetrain",
        "values": {
          "current_amp": 0.228,
          "efficiency_pct": 74.5,
          "position_deg": -10557.0,
          "power_w": 0.242,
          "temperature_c": 40.0,
          "torque_nm": 0.092,
          "velocity_rpm": -25.0
        }
      }
    ],
    "right_pos_deg": -10557.0,
    "right_vel_rpm": -25.0,
    "t_ms": 303009,
    "type": "telemetry",
    "v": 1,
    "watchdog_age_ms": 65
  },
  "observed_tags": [
    0,
    1,
    2
  ],
  "observed_tags_after_orientation": [
    0,
    1,
    2
  ],
  "program": "deliver_ball",
  "reason": "bin_tag_approach_failed",
  "release": null,
  "status": "failed"
}
