{
  "ball_approach": {
    "label": "ball_loading",
    "observed_tags": [
      0,
      1,
      2
    ],
    "post_distance_m": 0.48457365310417266,
    "reached_target": false,
    "reason": "timeout",
    "start_distance_m": null,
    "tag_id": 1,
    "target_distance_m": 0.45
  },
  "ball_tag_id": 1,
  "bin_approach": null,
  "bin_tag_id": 0,
  "commands_sent": 334,
  "last_ack": {
    "ack": 867,
    "battery_mv": 12940,
    "battery_pct": 56.0,
    "drive_ports_ok": true,
    "estop": false,
    "fault": null,
    "motion_enabled": true,
    "motor_ports": [
      1,
      3,
      8,
      10
    ],
    "recv_ms": 176000,
    "state": "ok",
    "type": "ack",
    "v": 1,
    "watchdog_age_ms": 0
  },
  "last_command": {
    "cmd": "stop",
    "reason": "ball_loading_approach_complete",
    "sent_ms": 22341229,
    "seq": 24334,
    "ttl_ms": 200,
    "type": "cmd",
    "v": 1
  },
  "last_scene_map": {
    "anchor_tag_ids": [
      0,
      1,
      2
    ],
    "camera_pose": {
      "heading_deg": 5.900980303645524,
      "x_m": -0.2736037454655512,
      "x_mm": -273.60374546555124,
      "y_m": 0.6351489818606717,
      "y_mm": 635.1489818606717,
      "yaw_rad": 0.10299153539394915
    },
    "frame_id": "map",
    "objects": [
      {
        "confidence": 0.5787880130734291,
        "name": "yellow_ball",
        "pose": {
          "heading_deg": 8.73623882662796,
          "x_m": 0.006340353977675465,
          "x_mm": 6.3403539776754645,
          "y_m": 0.6781676732164528,
          "y_mm": 678.1676732164527,
          "yaw_rad": 0.15247613176522395
        },
        "source": "yellow_ball_color"
      }
    ],
    "observed_tag_ids": [
      1
    ],
    "robot_pose": {
      "heading_deg": 5.900980303645524,
      "x_m": -0.2736037454655512,
      "x_mm": -273.60374546555124,
      "y_m": 0.6351489818606717,
      "y_mm": 635.1489818606717,
      "yaw_rad": 0.10299153539394915
    },
    "stamp_s": 22341.498742623,
    "tags": {
      "1": {
        "heading_deg": 0.0,
        "x_m": 0.2,
        "x_mm": 200.0,
        "y_m": 0.7500000000000001,
        "y_mm": 750.0000000000001,
        "yaw_rad": 0.0
      }
    }
  },
  "last_telemetry": {
    "battery_current_ma": 1004,
    "battery_mv": 12940,
    "battery_pct": 56.0,
    "battery_temp_c": 24.0,
    "drive_ports_ok": true,
    "estop": false,
    "left_pos_deg": -14364.0,
    "left_vel_rpm": 7.5,
    "motion_enabled": true,
    "motion_ttl_overrun_ms": 0,
    "motor_ports": [
      1,
      3,
      8,
      10
    ],
    "motor_samples": [
      {
        "device": "left_drive",
        "sample_ms": 176009,
        "subsystem": "drivetrain",
        "values": {
          "current_amp": 0.0,
          "efficiency_pct": 0.0,
          "position_deg": -14364.0,
          "power_w": 0.0,
          "temperature_c": 40.0,
          "torque_nm": 0.0,
          "velocity_rpm": 7.5
        }
      },
      {
        "device": "right_drive",
        "sample_ms": 176009,
        "subsystem": "drivetrain",
        "values": {
          "current_amp": 0.0,
          "efficiency_pct": 0.0,
          "position_deg": -8915.0,
          "power_w": 0.0,
          "temperature_c": 40.0,
          "torque_nm": 0.0,
          "velocity_rpm": 5.9
        }
      }
    ],
    "right_pos_deg": -8915.0,
    "right_vel_rpm": 5.9,
    "t_ms": 176009,
    "type": "telemetry",
    "v": 1,
    "watchdog_age_ms": 9
  },
  "observed_tags": [
    0,
    1,
    2
  ],
  "observed_tags_after_orientation": [
    0,
    1,
    2
  ],
  "program": "deliver_ball",
  "reason": "ball_tag_approach_failed",
  "release": null,
  "status": "failed"
}
