{
  "ball_approach": {
    "label": "ball_loading",
    "observed_tags": [
      0,
      1
    ],
    "post_distance_m": null,
    "post_left_m": null,
    "post_yaw_rad": null,
    "reached_target": false,
    "reason": "timeout",
    "start_distance_m": null,
    "start_left_m": null,
    "start_yaw_rad": null,
    "stuck_distance_delta_m": null,
    "stuck_window_s": null,
    "tag_id": 1,
    "target_distance_m": 0.45
  },
  "ball_tag_id": 1,
  "bin_approach": null,
  "bin_tag_id": 0,
  "camera_in_robot": {
    "heading_deg": 0.0,
    "x_m": 0.0,
    "x_mm": 0.0,
    "y_m": 0.1,
    "y_mm": 100.0,
    "yaw_rad": 0.0
  },
  "commands_sent": 333,
  "grab": null,
  "last_ack": {
    "ack": 138,
    "battery_mv": 13338,
    "battery_pct": 27.0,
    "drive_ports_ok": true,
    "estop": false,
    "fault": null,
    "motion_enabled": true,
    "motor_ports": [
      1,
      3,
      8,
      10
    ],
    "recv_ms": 59120,
    "state": "ok",
    "type": "ack",
    "v": 1,
    "watchdog_age_ms": 0
  },
  "last_command": {
    "cmd": "stop",
    "reason": "ball_loading_approach_complete",
    "sent_ms": 138354,
    "seq": 24333,
    "ttl_ms": 200,
    "type": "cmd",
    "v": 1
  },
  "last_scene_map": {
    "anchor_tag_ids": [
      0,
      1,
      2
    ],
    "camera_pose": {
      "heading_deg": -175.79680133972528,
      "x_m": 4.024839115671065,
      "x_mm": 4024.839115671065,
      "y_m": 0.17591893631443223,
      "y_mm": 175.91893631443222,
      "yaw_rad": -3.0682329978525846
    },
    "frame_id": "map",
    "objects": [
      {
        "confidence": 0.6467348480106048,
        "name": "yellow_ball",
        "pose": {
          "heading_deg": -139.89775629213355,
          "x_m": 2.751258327800484,
          "x_mm": 2751.258327800484,
          "y_m": -0.8966209114514667,
          "y_mm": -896.6209114514667,
          "yaw_rad": -2.4416764634503445
        },
        "source": "yellow_ball_color"
      }
    ],
    "observed_tag_ids": [
      0
    ],
    "robot_pose": {
      "heading_deg": -175.79680133972528,
      "x_m": 4.024839115671065,
      "x_mm": 4024.839115671065,
      "y_m": 0.17591893631443223,
      "y_mm": 175.91893631443222,
      "yaw_rad": -3.0682329978525846
    },
    "stamp_s": 111.6891343,
    "tags": {
      "0": {
        "heading_deg": 180.0,
        "x_m": 1.8,
        "x_mm": 1800.0,
        "y_m": 0.7500000000000006,
        "y_mm": 750.0000000000006,
        "yaw_rad": 3.141592653589793
      }
    }
  },
  "last_telemetry": {
    "battery_current_ma": -413,
    "battery_mv": 13338,
    "battery_pct": 27.0,
    "battery_temp_c": 29.0,
    "drive_ports_ok": true,
    "estop": false,
    "left_pos_deg": -3752.0,
    "left_vel_rpm": -2.7,
    "motion_enabled": true,
    "motion_ttl_overrun_ms": 0,
    "motor_ports": [
      1,
      3,
      8,
      10
    ],
    "motor_samples": [
      {
        "device": "left_drive",
        "sample_ms": 59009,
        "subsystem": "drivetrain",
        "values": {
          "current_amp": 0.404,
          "efficiency_pct": 100.0,
          "position_deg": -3752.0,
          "power_w": 0.049,
          "temperature_c": 40.0,
          "torque_nm": 0.177,
          "velocity_rpm": -2.7
        }
      },
      {
        "device": "right_drive",
        "sample_ms": 59009,
        "subsystem": "drivetrain",
        "values": {
          "current_amp": 0.318,
          "efficiency_pct": 68.7,
          "position_deg": 3696.0,
          "power_w": 0.035,
          "temperature_c": 40.0,
          "torque_nm": 0.139,
          "velocity_rpm": 2.4
        }
      }
    ],
    "right_pos_deg": 3696.0,
    "right_vel_rpm": 2.4,
    "t_ms": 59009,
    "type": "telemetry",
    "v": 1,
    "watchdog_age_ms": 41
  },
  "lift": null,
  "observed_tags": [
    0,
    1
  ],
  "observed_tags_after_orientation": [
    0,
    1
  ],
  "program": "deliver_ball",
  "reason": "ball_tag_approach_failed",
  "release": null,
  "status": "failed"
}
