{
  "ball_approach": {
    "label": "ball_loading",
    "observed_tags": [
      0,
      1,
      2
    ],
    "post_distance_m": 1.267289905377407,
    "post_left_m": 0.6613724305601987,
    "post_yaw_rad": 0.5490526422673274,
    "reached_target": false,
    "reason": "timeout",
    "start_distance_m": null,
    "start_left_m": null,
    "start_yaw_rad": null,
    "stuck_distance_delta_m": null,
    "stuck_window_s": null,
    "tag_id": 1,
    "target_distance_m": 0.45
  },
  "ball_tag_id": 1,
  "bin_approach": null,
  "bin_tag_id": 0,
  "camera_in_robot": {
    "heading_deg": 0.0,
    "x_m": 0.0,
    "x_mm": 0.0,
    "y_m": 0.1,
    "y_mm": 100.0,
    "yaw_rad": 0.0
  },
  "commands_sent": 335,
  "grab": null,
  "last_ack": {
    "ack": 1234,
    "battery_mv": 13342,
    "battery_pct": 29.0,
    "drive_ports_ok": true,
    "estop": false,
    "fault": null,
    "motion_enabled": true,
    "motor_ports": [
      1,
      3,
      8,
      10
    ],
    "recv_ms": 49646,
    "state": "ok",
    "type": "ack",
    "v": 1,
    "watchdog_age_ms": 0
  },
  "last_command": {
    "cmd": "stop",
    "reason": "ball_loading_approach_complete",
    "sent_ms": 333760,
    "seq": 24335,
    "ttl_ms": 200,
    "type": "cmd",
    "v": 1
  },
  "last_scene_map": {
    "anchor_tag_ids": [
      0,
      1,
      2
    ],
    "camera_pose": {
      "heading_deg": 10.926694096405996,
      "x_m": -0.759616725907666,
      "x_mm": -759.616725907666,
      "y_m": 0.007247999370871838,
      "y_mm": 7.247999370871838,
      "yaw_rad": 0.19070678834051133
    },
    "frame_id": "map",
    "objects": [
      {
        "confidence": 0.7459705293762349,
        "name": "yellow_ball",
        "pose": {
          "heading_deg": 35.146044667153575,
          "x_m": -0.13240442770362984,
          "x_mm": -132.40442770362984,
          "y_m": 0.4488136299199028,
          "y_mm": 448.81362991990284,
          "yaw_rad": 0.6134141984948245
        },
        "source": "yellow_ball_color"
      }
    ],
    "observed_tag_ids": [
      1
    ],
    "robot_pose": {
      "heading_deg": 10.926694096405996,
      "x_m": -0.759616725907666,
      "x_mm": -759.616725907666,
      "y_m": 0.007247999370871838,
      "y_mm": 7.247999370871838,
      "yaw_rad": 0.19070678834051133
    },
    "stamp_s": 334.05583889,
    "tags": {
      "1": {
        "heading_deg": 0.0,
        "x_m": 0.19999999999999996,
        "x_mm": 199.99999999999994,
        "y_m": 0.75,
        "y_mm": 750.0,
        "yaw_rad": 0.0
      }
    }
  },
  "last_telemetry": {
    "battery_current_ma": -75,
    "battery_mv": 13342,
    "battery_pct": 29.0,
    "battery_temp_c": 29.0,
    "drive_ports_ok": true,
    "estop": false,
    "left_pos_deg": -3925.0,
    "left_vel_rpm": 0.0,
    "motion_enabled": true,
    "motion_ttl_overrun_ms": 0,
    "motor_ports": [
      1,
      3,
      8,
      10
    ],
    "motor_samples": [
      {
        "device": "left_drive",
        "sample_ms": 49509,
        "subsystem": "drivetrain",
        "values": {
          "current_amp": 0.31,
          "efficiency_pct": 0.0,
          "position_deg": -3925.0,
          "power_w": 0.0,
          "temperature_c": 40.0,
          "torque_nm": 0.136,
          "velocity_rpm": 0.0
        }
      },
      {
        "device": "right_drive",
        "sample_ms": 49509,
        "subsystem": "drivetrain",
        "values": {
          "current_amp": 0.44,
          "efficiency_pct": 98.6,
          "position_deg": 3788.0,
          "power_w": 0.305,
          "temperature_c": 40.0,
          "torque_nm": 0.19,
          "velocity_rpm": -15.3
        }
      }
    ],
    "right_pos_deg": 3788.0,
    "right_vel_rpm": -15.3,
    "t_ms": 49509,
    "type": "telemetry",
    "v": 1,
    "watchdog_age_ms": 59
  },
  "lift": null,
  "observed_tags": [
    0,
    1,
    2
  ],
  "observed_tags_after_orientation": [
    0,
    1
  ],
  "program": "deliver_ball",
  "reason": "ball_tag_approach_failed",
  "release": null,
  "status": "failed"
}
