{
  "ball_approach": {
    "label": "ball_loading",
    "observed_tags": [
      1
    ],
    "post_distance_m": 0.7740810753778615,
    "reached_target": false,
    "reason": "timeout",
    "start_distance_m": 1.0523251336714579,
    "tag_id": 1,
    "target_distance_m": 0.45
  },
  "ball_tag_id": 1,
  "bin_approach": null,
  "bin_tag_id": 0,
  "commands_sent": 334,
  "last_ack": {
    "ack": 466,
    "battery_mv": 12934,
    "battery_pct": 57.0,
    "drive_ports_ok": true,
    "estop": false,
    "fault": null,
    "motion_enabled": true,
    "motor_ports": [
      1,
      3,
      8,
      10
    ],
    "recv_ms": 84659,
    "state": "ok",
    "type": "ack",
    "v": 1,
    "watchdog_age_ms": 0
  },
  "last_command": {
    "cmd": "stop",
    "reason": "ball_loading_approach_complete",
    "sent_ms": 22249860,
    "seq": 24334,
    "ttl_ms": 200,
    "type": "cmd",
    "v": 1
  },
  "last_scene_map": {
    "anchor_tag_ids": [
      0,
      1,
      2
    ],
    "camera_pose": {
      "heading_deg": 6.926675769005824,
      "x_m": -0.5785923187986501,
      "x_mm": -578.5923187986501,
      "y_m": 0.7353159951834345,
      "y_mm": 735.3159951834344,
      "yaw_rad": 0.12089329838726182
    },
    "frame_id": "map",
    "objects": [
      {
        "confidence": 0.7213452025211017,
        "name": "yellow_ball",
        "pose": {
          "heading_deg": -6.019458443577307,
          "x_m": -0.15622895259901393,
          "x_mm": -156.22895259901392,
          "y_m": 0.690778786346492,
          "y_mm": 690.778786346492,
          "yaw_rad": -0.10505936902739732
        },
        "source": "yellow_ball_color"
      }
    ],
    "observed_tag_ids": [
      1
    ],
    "robot_pose": {
      "heading_deg": 6.926675769005824,
      "x_m": -0.5785923187986501,
      "x_mm": -578.5923187986501,
      "y_m": 0.7353159951834345,
      "y_mm": 735.3159951834344,
      "yaw_rad": 0.12089329838726182
    },
    "stamp_s": 22250.138937152,
    "tags": {
      "1": {
        "heading_deg": 0.0,
        "x_m": 0.19999999999999993,
        "x_mm": 199.99999999999991,
        "y_m": 0.75,
        "y_mm": 750.0,
        "yaw_rad": 0.0
      }
    }
  },
  "last_telemetry": {
    "battery_current_ma": 1088,
    "battery_mv": 12934,
    "battery_pct": 57.0,
    "battery_temp_c": 24.0,
    "drive_ports_ok": true,
    "estop": false,
    "left_pos_deg": -5521.0,
    "left_vel_rpm": -18.9,
    "motion_enabled": true,
    "motion_ttl_overrun_ms": 0,
    "motor_ports": [
      1,
      3,
      8,
      10
    ],
    "motor_samples": [
      {
        "device": "left_drive",
        "sample_ms": 84509,
        "subsystem": "drivetrain",
        "values": {
          "current_amp": 0.738,
          "efficiency_pct": 100.0,
          "position_deg": -5521.0,
          "power_w": 0.638,
          "temperature_c": 40.0,
          "torque_nm": 0.322,
          "velocity_rpm": -18.9
        }
      },
      {
        "device": "right_drive",
        "sample_ms": 84509,
        "subsystem": "drivetrain",
        "values": {
          "current_amp": 0.644,
          "efficiency_pct": 100.0,
          "position_deg": -6740.0,
          "power_w": 0.682,
          "temperature_c": 40.0,
          "torque_nm": 0.277,
          "velocity_rpm": -23.5
        }
      }
    ],
    "right_pos_deg": -6740.0,
    "right_vel_rpm": -23.5,
    "t_ms": 84509,
    "type": "telemetry",
    "v": 1,
    "watchdog_age_ms": 25
  },
  "observed_tags": [
    1
  ],
  "observed_tags_after_orientation": [
    1
  ],
  "program": "deliver_ball",
  "reason": "ball_tag_approach_failed",
  "release": null,
  "status": "failed"
}
