{
  "ball_approach": {
    "label": "ball_loading",
    "observed_tags": [
      0,
      1,
      2
    ],
    "post_distance_m": null,
    "reached_target": false,
    "reason": "timeout",
    "start_distance_m": null,
    "tag_id": 1,
    "target_distance_m": 0.45
  },
  "ball_tag_id": 1,
  "bin_approach": null,
  "bin_tag_id": 0,
  "commands_sent": 334,
  "grab": null,
  "last_ack": {
    "ack": 368,
    "battery_mv": 12984,
    "battery_pct": 44.0,
    "drive_ports_ok": true,
    "estop": false,
    "fault": null,
    "motion_enabled": true,
    "motor_ports": [
      1,
      3,
      8,
      10
    ],
    "recv_ms": 35665,
    "state": "ok",
    "type": "ack",
    "v": 1,
    "watchdog_age_ms": 0
  },
  "last_command": {
    "cmd": "stop",
    "reason": "ball_loading_approach_complete",
    "sent_ms": 23180282,
    "seq": 24334,
    "ttl_ms": 200,
    "type": "cmd",
    "v": 1
  },
  "last_scene_map": {
    "anchor_tag_ids": [
      0,
      1,
      2
    ],
    "camera_pose": {
      "heading_deg": -175.54203689905384,
      "x_m": 3.6315195409598564,
      "x_mm": 3631.5195409598564,
      "y_m": 0.3052706891644812,
      "y_mm": 305.2706891644812,
      "yaw_rad": -3.0637865195458662
    },
    "frame_id": "map",
    "objects": [
      {
        "confidence": 0.46714956171465627,
        "name": "yellow_ball",
        "pose": {
          "heading_deg": -176.34739684160118,
          "x_m": 2.5226535820942244,
          "x_mm": 2522.6535820942245,
          "y_m": 0.23448461934806591,
          "y_mm": 234.4846193480659,
          "yaw_rad": -3.07784270220699
        },
        "source": "yellow_ball_color"
      }
    ],
    "observed_tag_ids": [
      0
    ],
    "robot_pose": {
      "heading_deg": -175.54203689905384,
      "x_m": 3.6315195409598564,
      "x_mm": 3631.5195409598564,
      "y_m": 0.3052706891644812,
      "y_mm": 305.2706891644812,
      "yaw_rad": -3.0637865195458662
    },
    "stamp_s": 23169.468900988,
    "tags": {
      "0": {
        "heading_deg": 180.0,
        "x_m": 1.8000000000000005,
        "x_mm": 1800.0000000000005,
        "y_m": 0.7500000000000007,
        "y_mm": 750.0000000000007,
        "yaw_rad": 3.141592653589793
      }
    }
  },
  "last_telemetry": {
    "battery_current_ma": 599,
    "battery_mv": 12985,
    "battery_pct": 44.0,
    "battery_temp_c": 24.0,
    "drive_ports_ok": true,
    "estop": false,
    "left_pos_deg": -3809.0,
    "left_vel_rpm": -3.2,
    "motion_enabled": true,
    "motion_ttl_overrun_ms": 0,
    "motor_ports": [
      1,
      3,
      8,
      10
    ],
    "motor_samples": [
      {
        "device": "left_drive",
        "sample_ms": 35510,
        "subsystem": "drivetrain",
        "values": {
          "current_amp": 0.0,
          "efficiency_pct": 0.0,
          "position_deg": -3809.0,
          "power_w": 0.0,
          "temperature_c": 40.0,
          "torque_nm": 0.0,
          "velocity_rpm": -3.2
        }
      },
      {
        "device": "right_drive",
        "sample_ms": 35510,
        "subsystem": "drivetrain",
        "values": {
          "current_amp": 0.0,
          "efficiency_pct": 0.0,
          "position_deg": 3820.0,
          "power_w": 0.0,
          "temperature_c": 40.0,
          "torque_nm": 0.0,
          "velocity_rpm": -1.7
        }
      }
    ],
    "right_pos_deg": 3820.0,
    "right_vel_rpm": -1.7,
    "t_ms": 35510,
    "type": "telemetry",
    "v": 1,
    "watchdog_age_ms": 106
  },
  "lift": null,
  "observed_tags": [
    0,
    1,
    2
  ],
  "observed_tags_after_orientation": [
    0,
    1,
    2
  ],
  "program": "deliver_ball",
  "reason": "ball_tag_approach_failed",
  "release": null,
  "status": "failed"
}
